ข้าว,5,9,Not in stock
ขนมปังกรอบคาราเมล,6,9,Not in stock
คอนเฟลกคาราเมล,7,9,Not in stock
ขนมปังกระเทียมครีมชีส1,8,9,Not in stock
ขนมปังกระเทียมครีมชีส2,9,9,Not in stock
ขนมปังกระเทียมครีมชีส3,10,9,Not in stock
ขนมปังกระเทียมครีมชีส4,11,9,Not in stock
ขนมปังกระเทียมครีมชีส5,12,9,Not in stock
ขนมปังกระเทียมครีมชีส6,13,9,Not in stock
ขนมปังกระเทียมครีมชีส7,14,9,Not in stock
ขนมปังกระเทียมครีมชีส8,15,9,Not in stock
ขนมปังกระเทียมครีมชีส9,16,9,Not in stock
ขนมปังกระเทียมครีมชีส10,17,9,Not in stock
ขนมปังกระเทียมครีมชีส11,18,9,Not in stock
